"","Neonatal tetanus - number of reported cases","Neonatal tetanus - number of reported cases","Neonatal tetanus - number of reported cases","Neonatal tetanus - number of reported cases","Neonatal tetanus - number of reported cases","Neonatal tetanus - number of reported cases","Neonatal tetanus - number of reported cases","Neonatal tetanus - number of reported cases","Neonatal tetanus - number of reported cases","Neonatal tetanus - number of reported cases","Neonatal tetanus - number of reported cases","Neonatal tetanus - number of reported cases","Neonatal tetanus - number of reported cases","Neonatal tetanus - number of reported cases","Neonatal tetanus - number of reported cases","Neonatal tetanus - number of reported cases","Neonatal tetanus - number of reported cases","Neonatal tetanus - number of reported cases","Neonatal tetanus - number of reported cases","Neonatal tetanus - number of reported cases","Neonatal tetanus - number of reported cases","Neonatal tetanus - number of reported cases","Neonatal tetanus - number of reported cases","Neonatal tetanus - number of reported cases","Neonatal tetanus - number of reported cases","Neonatal tetanus - number of reported cases","Neonatal tetanus - number of reported cases","Neonatal tetanus - number of reported cases","Neonatal tetanus - number of reported cases","Neonatal tetanus - number of reported cases","Neonatal tetanus - number of reported cases","Neonatal tetanus - number of reported cases","Neonatal tetanus - number of reported cases","Neonatal tetanus - number of reported cases","Neonatal tetanus - number of reported cases","Neonatal tetanus - number of reported cases","Neonatal tetanus - number of reported cases","Neonatal tetanus - number of reported cases","Neonatal tetanus - number of reported cases","Neonatal tetanus - number of reported cases","Neonatal tetanus - number of reported cases","Neonatal tetanus - number of reported cases","Neonatal tetanus - number of reported cases","Neonatal tetanus - number of reported cases"
"Country"," 2017"," 2016"," 2015"," 2014"," 2013"," 2012"," 2011"," 2010"," 2009"," 2008"," 2007"," 2006"," 2005"," 2004"," 2003"," 2002"," 2001"," 2000"," 1999"," 1998"," 1997"," 1996"," 1995"," 1994"," 1993"," 1992"," 1991"," 1990"," 1989"," 1988"," 1987"," 1986"," 1985"," 1984"," 1983"," 1982"," 1981"," 1980"," 1979"," 1978"," 1977"," 1976"," 1975"," 1974"
"Afghanistan","","4","12","17","13","21","20","23","","12","40","33","39","81","121","595","211","139","88","310","","","","","","","0","3","","","","","","","","121","14","16","","","","","",""
"Albania","0","","","","0","0","0","0","0","0","0","0","0","0","0","0","0","0","0","","0","0","2","6","3","3","1","1","0","0","0","0","0","0","0","0","0","0","","","","","",""
"Algeria","0","0","0","0","0","0","0","0","0","3","4","5","8","3","3","4","15","","17","16","19","16","15","21","40","33","29","27","38","36","","","","","","","","","","","","","",""
"Andorra","","","","","0","0","0","0","0","0","0","0","0","0","0","0","0","0","0","","0","","","","","","","","","","","","","","","","","","","","","","",""
"Angola","18","","36","19","33","6","75","13","66","89","70","60","89","100","117","173","311","131","78","164","126","116","101","814","634","604","634","959","1466","835","363","29","550","912","851","745","690","541","472","1255","1144","364","143","336"
"Antigua and Barbuda","0","0","0","0","0","0","0","0","0","0","0","0","0","0","0","0","0","0","0","0","0","0","0","0","0","0","0","0","0","0","0","0","0","0","0","0","0","0","0","0","","","",""
"Argentina","0","0","0","0","0","0","0","0","0","0","0","0","0","0","0","","1","0","2","0","4","4","4","11","5","13","18","8","18","21","17","18","19","0","0","0","0","0","0","0","","","",""
"Armenia","0","0","0","0","0","0","0","0","","","0","0","0","0","0","0","0","0","0","0","0","0","0","0","0","0","0","","","","","","","","","","","","","","","","",""
"Australia","","0","0","0","0","0","0","0","0","0","0","","0","0","","","","","","0","0","","0","0","0","0","","","","","","","","","","","","","","","","","",""
"Austria","","","","","","","","","","","","","","","","","0","","","","0","0","0","0","0","0","0","","","","","","","","","","","","","","","","",""
"Azerbaijan","0","0","0","0","0","0","0","0","","0","0","0","0","0","0","0","0","","","","1","2","3","3","1","3","0","","","","","","","","","","","","","","","","",""
"Bahamas","0","0","0","0","0","0","0","0","0","0","0","0","0","0","0","0","0","0","0","0","0","0","0","0","0","0","0","0","0","0","0","0","0","0","0","0","0","0","0","0","","","",""
"Bahrain","0","0","0","0","0","0","0","0","0","0","0","0","","0","","0","0","0","0","0","0","0","0","0","0","0","0","0","0","0","0","0","0","1","1","3","3","0","2","4","1","2","5",""
"Bangladesh","95","110","117","","108","109","98","117","121","152","206","256","341","748","390","336","436","376","479","910","689","759","735","834","720","588","602","740","1105","1029","","","","1265","","","","1068","","","","","",""
"Barbados","0","0","0","0","0","0","0","0","0","0","0","0","0","0","0","0","0","0","0","0","0","0","0","0","0","0","0","0","0","0","0","0","0","0","0","0","0","0","0","0","","","",""
"Belarus","0","0","0","","0","0","0","0","0","0","0","0","0","","","0","0","0","0","0","0","0","0","0","0","0","0","","","","","","","","","","","","","","","","",""
"Belgium","0","","","","","0","0","0","0","0","0","0","","0","0","","","","","","0","0","0","0","0","0","0","0","0","0","0","0","0","0","0","0","0","","","","","","",""
"Belize","0","0","0","0","0","0","0","0","0","0","0","0","0","0","0","0","0","0","0","0","0","0","0","0","0","0","1","0","1","0","0","0","2","0","2","3","2","0","0","0","","","",""
"Benin","","7","7","3","8","4","6","3","4","7","9","7","12","17","25","24","24","52","54","10","24","16","30","75","70","63","23","247","266","371","441","388","","","","","","","","","","","",""
"Bhutan","0","0","0","0","0","0","0","0","0","0","0","1","0","0","","","","0","49","0","0","0","0","1","0","2","0","1","2","3","0","71","4","32","","","","","","","","","",""
"Bolivia (Plurinational State of)","2","0","0","0","0","0","1","0","1","0","1","2","5","4","3","2","3","2","2","9","14","14","20","21","21","42","53","46","102","118","86","69","9","0","0","0","0","0","0","0","","","",""
"Bosnia and Herzegovina","0","0","","","","0","0","0","0","0","0","0","0","0","0","0","0","0","0","0","0","","0","0","0","0","0","","","","","","","","","","","","","","","","",""
"Botswana","0","0","0","0","0","0","0","0","0","0","0","0","0","","0","0","0","0","0","0","0","0","0","0","1","0","1","2","1","1","3","0","2","14","21","4","2","","","","","","",""
"Brazil","0","1","0","1","3","2","6","6","3","6","5","8","10","14","15","31","17","34","66","72","74","86","128","185","218","229","272","298","392","403","464","497","684","602","706","572","0","0","0","0","","","",""
"Brunei Darussalam","0","0","0","0","","0","0","0","0","0","","","0","0","0","","0","0","0","0","0","","","","0","0","","0","","0","1","0","0","0","0","1","1","0","","","","","",""
"Bulgaria","","0","0","0","0","0","0","0","","0","0","0","0","0","0","0","0","0","","0","0","0","0","0","0","0","0","0","0","0","0","0","0","0","0","0","0","0","0","0","0","0","0","0"
"Burkina Faso","1","1","0","3","0","1","2","2","6","8","13","4","8","4","16","4","12","22","19","","8","15","18","20","19","39","42","100","150","211","257","269","227","46","","","","","","","","","",""
"Burundi","0","1","1","3","1","1","2","2","11","","14","17","16","","40","45","","16","32","18","1","21","12","16","19","25","19","25","64","141","104","123","127","278","","","","","","","","","",""
"Cabo Verde","0","","0","0","0","0","0","0","0","0","0","0","0","0","0","1","0","1","1","1","1","0","4","2","7","0","2","6","8","10","35","42","25","","","","","","","","","","",""
"Cambodia","14","10","10","18","13","15","9","19","27","34","50","69","68","146","238","169","165","295","173","84","34","9","8","147","88","","121","","","","","","","","","","","","","","","","",""
"Cameroon","51","58","26","33","43","23","31","29","39","43","48","175","36","64","196","322","207","279","238","197","171","274","57","69","271","380","449","382","490","358","394","492","537","904","","","","","","","","","",""
"Canada","0","0","0","0","","","0","0","0","0","0","","0","0","0","0","0","0","","","","","","0","0","0","0","0","0","0","0","0","0","0","0","0","0","0","0","0","0","","",""
"Central African Republic","105","208","96","24","68","65","49","20","15","25","68","23","20","36","31","32","38","37","48","16","39","17","45","8","22","14","31","32","35","23","96","38","63","59","87","78","37","","","","","","",""
"Chad","47","172","195","154","176","225","215","279","146","163","100","161","191","232","353","446","475","142","212","652","844","514","555","606","610","529","546","738","729","925","1043","316","149","183","115","625","","","","","","","",""
"Chile","0","0","0","0","0","0","0","0","0","0","0","0","0","0","0","0","0","0","1","0","0","0","0","1","1","3","2","0","3","5","3","3","0","0","8","12","0","0","0","0","","","",""
"China","93","177","306","426","492","674","","1057","1412","1786","2112","2519","2761","2954","2245","2136","2608","3230","3616","3777","3962","2543","","","","","","","","","","","","","","","","","","","","","",""
"Colombia","4","2","3","2","0","2","2","2","4","3","4","4","9","8","7","12","15","10","19","21","24","26","35","61","77","86","99","133","135","193","203","211","252","294","306","87","61","0","0","0","","","",""
"Comoros","0","0","0","0","0","","0","2","3","3","1","0","1","0","0","0","","","2","0","0","1","2","9","17","17","17","6","7","10","17","17","","","","","","","","","","","",""
"Congo","0","0","9","2","5","2","0","2","2","3","3","20","12","14","9","8","8","2","3","","0","7","5","9","6","14","15","18","9","9","40","21","2","24","1","0","38","80","","","","","",""
"Cook Islands","","","","","","0","0","0","0","0","0","0","0","0","0","0","0","0","0","0","0","0","0","0","0","0","0","0","0","0","0","0","","","","","","","","","","","",""
"Costa Rica","0","0","","0","0","0","0","0","0","0","0","0","0","0","1","","0","0","0","0","0","0","0","0","0","0","0","0","0","2","0","0","2","0","2","2","1","2","5","11","11","15","",""
"CÃ´te d'Ivoire","11","3","9","12","15","9","3","3","8","15","31","32","2","14","12","20","19","30","83","95","241","351","311","","300","276","350","364","433","608","448","578","","","","","","","","","","","",""
"Croatia","0","0","0","","0","0","0","0","0","0","0","0","0","0","0","0","0","0","0","0","1","1","0","1","0","0","0","","","","","","","","","","","","","","","","",""
"Cuba","0","0","0","0","","0","0","0","0","0","0","0","0","0","0","0","0","0","0","0","0","0","0","0","0","0","0","0","0","0","0","0","0","0","0","0","0","0","0","0","","","",""
"Cyprus","0","0","0","0","0","0","0","0","0","0","0","0","0","0","0","0","","0","0","0","0","0","0","0","0","0","0","0","0","0","0","0","0","0","0","0","0","0","0","0","","","",""
"Czechia","0","0","","0","0","0","0","0","0","0","0","0","0","0","0","0","0","0","0","0","0","0","0","0","0","0","0","","","","","","","","","","","","","","","","",""
"Democratic People's Republic of Korea","0","0","0","0","0","0","0","0","0","0","0","0","0","0","0","0","0","","0","6","0","2","3","4","0","3","1","0","1","4","","","","","","","","","","","","","",""
"Democratic Republic of the Congo","253","80","330","201","","1252","888","990","731","737","379","717","1524","721","465","1083","1176","77","448","343","107","194","83","306","95","47","272","120","135","175","168","146","208","235","206","252","103","","","","","","",""
"Denmark","0","","","","0","0","0","0","0","0","0","0","0","0","0","0","0","0","","","0","0","0","0","0","0","0","0","0","0","0","0","0","0","0","0","0","0","0","0","0","0","0","0"
"Djibouti","","","","","","0","","0","0","0","0","1","0","0","0","","0","0","0","0","","0","0","","0","0","0","0","0","0","0","","0","0","","7","","","","","2","4","",""
"Dominica","0","0","0","0","0","0","0","0","0","0","0","0","0","0","0","0","0","0","0","0","0","0","0","0","4","0","0","0","0","0","0","0","0","0","0","0","0","0","0","0","","","",""
"Dominican Republic","1","2","1","0","0","1","2","0","1","2","2","4","4","5","4","1","0","4","1","0","0","0","1","1","0","5","4","12","13","33","7","8","12","15","19","6","10","14","46","49","","","",""
"Ecuador","1","1","1","0","0","1","2","2","5","2","2","4","6","12","7","9","8","6","14","24","25","36","51","58","81","71","80","88","58","126","80","74","91","80","67","66","47","28","0","0","","","",""
"Egypt","7","2","6","","9","6","20","20","11","36","34","46","58","71","116","176","194","321","383","471","482","643","790","993","1277","1830","2728","3275","3448","6554","6901","7256","6633","5967","6044","5224","3708","2965","2189","2025","","","",""
"El Salvador","0","0","0","0","0","0","0","2","0","0","0","0","1","1","0","0","1","3","3","0","2","5","3","9","18","25","18","25","25","33","26","39","52","54","38","92","88","61","0","0","","","",""
"Equatorial Guinea","4","5","1","0","0","0","3","0","2","4","1","1","0","2","1","0","2","","","","0","2","0","5","4","1","34","3","34","45","33","2","8","8","","","","","","","","","",""
"Eritrea","0","0","0","0","0","0","0","0","0","1","","0","0","3","1","3","1","4","1","4","1","2","1","","","","","","","","","","","","","","","","","","","","",""
"Estonia","0","0","0","0","0","0","0","0","0","0","0","0","0","0","0","0","0","0","0","0","0","0","0","0","0","0","0","","","","","","","","","","","","","","","","",""
"Eswatini","0","1","0","0","0","0","0","0","0","0","0","1","0","0","0","0","1","0","0","0","0","1","1","0","2","4","6","3","8","10","25","126","133","28","35","19","","","","","","","",""
"Ethiopia","20","18","18","20","16","40","33","75","50","66","62","102","57","55","43","56","11","20","35","16","27","5","","","","94","","39","300","","107","117","151","145","157","220","","","","","","","",""
"Fiji","","","","","","","","0","0","0","0","0","0","","0","0","0","","","","0","0","0","0","0","0","0","0","0","0","0","0","0","0","0","0","0","1","0","0","1","1","0","1"
"Finland","0","","0","","","","","","","","0","","0","","","0","","","","0","0","0","0","0","0","0","0","0","0","0","0","0","0","0","0","0","0","0","0","0","0","0","0","0"
"France","0","","","","0","","0","","0","","","","","","","","","0","","","0","0","0","0","0","0","0","","0","0","0","0","0","0","","","","","","","","","",""
"Gabon","4","3","","0","0","2","0","3","5","6","0","3","0","0","","3","1","8","","","","0","","","12","7","","4","9","16","9","11","4","2","2","0","2","0","","","","","",""
"Gambia","1","0","0","0","0","0","2","0","0","0","0","0","6","3","3","3","0","2","1","","0","1","6","8","13","21","18","44","","","17","65","27","","","","","","","","","","",""
"Georgia","0","0","0","0","0","0","0","0","0","0","0","0","0","0","0","0","0","0","0","","0","0","0","0","0","0","0","","","","","","","","","","","","","","","","",""
"Germany","","","","","","","","","","","","","","","","","","0","","","0","0","0","0","0","0","0","0","0","0","0","0","0","0","0","0","0","0","0","0","0","0","0","0"
"Ghana","6","5","0","1","1","0","5","1","8","8","10","29","44","11","37","70","64","80","78","100","105","108","159","144","9","8","","","","","","","","","","","","","","","","","",""
"Greece","0","0","0","0","0","0","0","0","0","0","0","","","","","0","0","0","","","0","0","0","0","0","0","0","0","0","0","0","0","0","2","0","0","0","0","","","","","",""
"Grenada","0","0","0","0","0","0","0","0","0","0","0","0","0","0","0","0","0","0","0","0","0","0","0","0","0","0","0","0","0","0","0","0","0","0","0","0","0","0","0","0","0","0","0","0"
"Guatemala","0","0","0","0","0","0","1","0","1","1","2","2","0","1","1","3","5","7","2","6","8","12","9","18","19","24","15","60","103","110","143","8","17","0","0","0","0","0","0","0","","","",""
"Guinea","103","113","","75","51","8","17","64","21","28","27","58","99","178","238","362","228","245","287","272","280","289","120","171","73","81","452","53","119","172","336","265","80","","","","","","","","","","",""
"Guinea-Bissau","0","0","0","0","0","0","0","","1","0","4","4","10","11","28","6","41","","12","","5","8","5","24","36","66","79","45","84","88","155","147","108","1","159","","","","","","","","",""
"Guyana","0","0","0","0","0","0","0","0","0","0","0","0","0","0","0","0","1010","1010","0","1010","0","0","0","0","0","0","0","0","0","0","0","0","0","0","0","0","0","0","0","0","","","",""
"Haiti","3","","13","3","15","0","0","0","0","16","38","53","71","33","4","27","84","40","42","1","33","","78","","","","","143","153","63","75","57","57","98","125","68","4","0","0","0","","","",""
"Honduras","0","0","2","0","0","2","2","1","1","1","0","0","0","1","4","2","1","0","2","6","1","4","3","10","5","10","18","39","20","24","21","24","20","20","0","2","1","0","0","0","","","",""
"Hungary","0","0","0","0","0","0","0","0","0","0","0","0","0","0","0","","0","0","1","0","0","0","0","0","0","0","0","0","0","0","0","0","0","0","0","0","0","0","0","1","0","0","0","0"
"Iceland","0","0","0","0","0","0","0","0","0","0","0","0","0","0","0","","0","0","","","0","0","0","0","0","0","0","0","0","0","0","0","","0","0","0","0","0","0","0","0","0","0","0"
"India","295","227","491","492","415","588","734","521","898","876","1076","625","821","1183","1720","1580","1718","3287","610","2049","3011","1313","1783","2285","4439","4011","11241","9313","11114","11849","","","","","","","","","","","","","",""
"Indonesia","25","33","79","75","69","106","114","147","158","183","141","118","132","210","177","64","82","466","54","63","546","815","807","679","652","755","618","1427","1448","1050","135","494","662","999","612","1283","1506","954","1102","922","633","457","703","523"
"Iran (Islamic Republic of)","1","0","5","1","3","2","3","2","3","4","3","7","1","","2","8","7","13","12","14","14","21","13","21","12","18","9","26","46","85","95","","","","","107","","","","","","","",""
"Iraq","8","5","6","3","10","11","10","11","17","9","6","9","18","16","","","22","37","49","38","73","76","64","89","171","233","106","152","214","282","104","310","680","634","721","922","803","891","927","958","892","1027","",""
"Ireland","0","","0","0","0","0","0","0","0","0","0","0","0","0","0","0","0","","","","0","0","0","0","0","0","0","0","0","0","0","0","0","0","0","0","","","","","","","",""
"Israel","0","0","0","0","0","0","0","0","0","0","0","0","0","0","0","0","0","0","","0","0","0","0","0","0","0","0","0","1","2","1","0","0","0","1","2","1","0","0","0","0","2","2","1"
"Italy","0","","0","","","0","0","0","0","","0","0","0","0","0","0","","0","","0","0","0","0","0","0","0","0","0","0","0","0","0","0","0","0","0","0","0","","","","","",""
"Jamaica","0","0","0","0","0","0","0","0","0","0","0","0","0","0","0","0","1","0","0","1","0","0","0","1","0","0","0","0","0","0","0","0","0","2","2","0","3","0","9","0","","","",""
"Japan","0","0","0","0","","0","","0","","","","","","","","0","0","0","","","","","","","","","","0","","0","","","","","","","","","","","","","",""
"Jordan","0","0","0","","0","0","0","0","0","0","0","1","1","1","4","3","4","3","3","1","2","2","2","5","6","6","6","9","7","6","8","13","8","24","21","26","15","23","21","18","38","37","",""
"Kazakhstan","0","0","0","","0","0","0","0","0","0","0","0","0","0","0","0","0","0","0","0","0","0","0","0","0","0","0","","","","","","","","","","","","","","","","",""
"Kenya","","317","32","36","1","2","","7","9","30","52","38","56","78","41","95","132","1278","259","71","27","23","30","50","8","","","1612","","","","23","17","","","497","","","","","","","",""
"Kiribati","0","","","0","0","0","0","0","0","0","0","","0","","","0","0","0","0","0","0","0","0","3","3","4","2","1","0","0","","0","0","0","0","","","","","","","","",""
"Kuwait","","","","0","0","0","0","0","","","","","0","","","","","0","0","0","0","1","0","0","0","0","0","0","1","1","0","0","0","2","3","1","0","9","9","3","4","4","",""
"Kyrgyzstan","","","","","0","0","0","0","0","0","0","0","0","0","0","","0","","","0","","","","","0","","","","","","","","","","","","","","","","","","",""
"Lao People's Democratic Republic","17","16","19","","18","11","6","7","8","5","15","8","12","14","17","16","17","21","18","17","12","17","6","10","5","12","20","4","","0","","","","","","","","","","","","","",""
"Latvia","","0","0","0","0","0","0","0","0","0","0","0","0","0","","","0","","","0","0","0","0","0","0","0","0","","","","","","","","","","","","","","","","",""
"Lebanon","1","0","0","","0","0","0","0","1","0","0","0","0","0","1","1","1","0","0","1","1","4","3","3","0","0","","","","","","0","0","","","","","","","","","","",""
"Lesotho","0","0","0","0","0","0","0","0","0","0","0","0","","0","0","0","0","","0","","","","0","0","0","0","0","1","0","0","0","0","1","1","3","10","0","","","","","","",""
"Liberia","22","6","2","0","0","12","3","4","4","8","13","22","13","1","40","21","43","152","174","166","84","74","24","59","119","38","","","","","","","","","","","","207","","","","","",""
"Libya","","","","","","0","","","0","0","0","0","0","","","0","0","","","0","0","0","","0","0","3","3","1","7","10","10","8","15","0","10","","","","","","","","",""
"Lithuania","0","0","0","0","0","0","0","0","0","0","0","0","0","0","0","0","0","0","0","0","0","0","0","0","0","0","0","","","","","","","","","","","","","","","","",""
"Luxembourg","0","0","0","","","","","","0","0","0","0","","0","0","","","0","","","0","0","0","0","0","0","0","0","0","0","0","0","0","0","0","0","0","0","0","0","0","0","0","0"
"Madagascar","17","27","13","7","8","9","43","6","6","8","10","5","34","7","6","6","18","13","26","39","46","61","7","6","20","17","32","208","183","234","","","","","","","","","","","","","",""
"Malawi","3","2","2","1","7","1","8","4","7","5","7","6","6","11","7","7","15","12","6","1","8","1","6","14","37","84","","211","","","196","327","391","274","405","358","395","163","","","","","",""
"Malaysia","16","6","16","8","6","9","3","10","5","13","14","11","6","14","8","4","8","20","10","13","11","9","12","9","20","28","13","11","21","15","40","51","49","64","36","47","38","60","53","80","86","76","108","171"
"Maldives","0","0","0","0","0","0","0","0","0","0","0","0","0","","","","0","","","0","0","0","0","4","1","3","1","","56","0","0","0","0","0","0","0","0","","","","","","",""
"Mali","7","8","8","13","12","10","11","7","13","6","19","17","20","25","37","37","34","73","29","31","9","37","33","28","40","73","171","203","230","","","","455","","","","","","","","","","",""
"Malta","0","0","0","0","","","0","0","0","0","0","","0","0","0","0","0","0","0","0","0","0","0","0","0","0","0","0","0","0","0","0","0","0","0","0","0","0","0","0","0","0","0","0"
"Marshall Islands","","","","","","0","0","0","0","","0","0","0","0","0","0","0","0","0","0","0","0","","0","","","0","0","0","0","0","0","0","0","0","0","0","0","0","0","0","0","0","0"
"Mauritania","3","2","2","6","","0","","1","1","2","0","0","","2","4","4","8","","9","11","1","","1","1","0","6","26","16","20","34","44","120","99","58","","","","","","","","","",""
"Mauritius","0","","","0","0","0","0","0","0","0","0","0","0","0","0","","0","0","0","","0","0","0","0","0","0","0","0","0","0","0","0","2","1","0","7","2","4","","","","","",""
"Mexico","1","2","0","1","0","0","1","3","0","1","4","4","1","4","4","0","6","9","7","25","44","64","67","83","98","137","152","145","87","108","84","57","0","0","0","0","0","0","0","0","","","",""
"Micronesia (Federated States of)","0","0","0","0","","","","","0","","0","0","0","0","1","","0","0","0","0","0","","0","0","0","0","0","0","0","","","","","","","","","","","","","","",""
"Monaco","","","","","","","","","","","","","","","0","0","","","","","0","0","0","0","0","0","0","0","0","0","0","0","0","0","0","0","0","0","0","0","0","0","0","0"
"Mongolia","","0","0","0","0","0","0","0","0","0","0","0","0","0","0","0","0","0","","","0","0","0","4","0","0","0","0","0","0","0","0","0","0","0","0","0","0","0","0","0","0","0","0"
"Montenegro","","0","","","0","0","0","0","0","0","0","0","","","","","","","","","","","","","","","","","","","","","","","","","","","","","","","",""
"Morocco","","","","","1","4","4","7","1","8","4","4","","7","5","5","3","2","9","6","4","14","14","9","9","23","21","28","43","72","147","131","104","120","103","95","3","","","","","","",""
"Mozambique","0","","271","","59","","47","72","41","11","17","17","26","9","24","8","36","42","32","43","52","37","19","56","45","45","59","34","68","71","67","82","120","74","107","178","165","101","166","229","173","254","",""
"Myanmar","20","21","30","32","39","29","32","19","34","25","49","41","39","49","48","72","","41","86","75","20","41","31","71","105","113","190","27","58","57","64","72","96","100","119","123","136","124","149","166","194","185","211","158"
"Namibia","1","0","0","4","2","3","5","10","7","11","15","1","8","6","11","8","7","10","12","6","27","20","75","9","12","44","","","","","","","","","","","","","","","","","",""
"Nauru","","","","","","","0","0","0","0","0","0","0","0","","0","0","0","0","","0","","0","","","","","4","0","","","","","","","","","","","","","","",""
"Nepal","7","7","266","57","87","32","95","13","18","53","32","42","29","27","51","92","327","134","","197","462","254","511","4","20","7","8","0","3","50","49","58","79","92","43","39","48","","","","","","",""
"Netherlands","","","1","0","0","0","0","","","","","","","","","","","","","","0","0","0","0","0","0","0","0","0","0","0","0","0","0","0","0","0","0","0","0","0","0","0","0"
"New Zealand","0","0","0","0","0","0","0","0","0","","0","0","0","0","0","0","0","0","0","0","","","0","0","0","0","0","0","0","","","","","","","","","","","","","","",""
"Nicaragua","0","0","0","0","0","0","0","0","0","0","0","0","1","0","0","1","1","0","0","0","1","1","4","4","7","9","11","15","17","26","32","28","30","75","102","111","30","157","0","0","","","",""
"Niger","7","7","8","4","1","3","11","13","14","16","23","21","26","43","37","32","39","55","30","27","33","40","61","28","46","56","74","39","","299","285","222","115","154","210","251","311","","","","","","",""
"Nigeria","187","34","53","104","468","110","82","176","90","721","163","1667","1903","777","","752","1441","1643","","1871","656","1117","388","693","1879","896","1103","1060","498","","","","","","","","","","","","","","",""
"Niue","","","","","0","0","0","0","0","0","0","","0","0","0","0","0","0","0","0","0","0","0","0","0","0","0","","0","0","0","0","0","0","0","0","0","0","0","0","0","0","0","0"
"Norway","","0","0","0","0","0","0","0","0","0","","0","0","0","0","0","0","0","","","0","0","0","0","0","0","0","0","0","0","0","0","0","0","0","0","0","","","","","","",""
"Oman","0","0","0","0","0","0","0","0","0","0","0","0","0","","0","0","0","0","0","0","0","0","1","0","0","0","1","0","0","1","8","11","11","5","10","","","","","","","","",""
"Pakistan","478","","667","","898","320","505","508","781","809","586","548","518","551","812","935","1107","1380","1555","1918","2053","2012","1580","1842","1685","1737","1430","1067","1449","1971","2300","1064","576","535","881","907","775","1085","547","557","410","210","",""
"Palau","0","0","0","0","0","0","0","0","0","0","0","0","0","0","","0","","0","0","0","0","0","0","0","0","0","0","0","0","0","0","0","0","0","0","0","0","0","0","0","0","0","0","0"
"Panama","0","0","0","0","0","0","0","0","1","0","0","0","0","1","0","0","1","0","1","0","1","0","1","2","2","3","6","5","9","7","7","12","12","8","15","20","23","19","0","0","","","",""
"Papua New Guinea","0","0","0","0","27","32","56","32","125","","","58","50","50","54","71","75","138","52","47","52","","134","159","177","163","0","","0","0","","","","","","","","","","","","","",""
"Paraguay","0","0","0","0","0","1","0","2","1","1","0","2","2","5","4","8","8","7","10","13","20","10","16","20","29","18","33","38","37","55","59","59","76","81","114","113","104","99","0","0","","","",""
"Peru","0","1","2","1","1","0","1","5","1","2","4","4","2","4","11","8","8","10","12","14","36","46","94","130","120","140","89","93","183","143","138","89","72","214","200","229","264","294","0","0","","","",""
"Philippines","82","85","72","92","77","131","166","126","172","132","121","161","177","250","239","163","283","281","332","50","338","","288","336","455","347","224","291","254","1115","1042","1210","1244","1200","1043","1095","1022","1506","1643","2620","3724","3190","3409","2658"
"Poland","0","0","","","0","0","","0","0","","0","0","0","0","0","0","0","0","","","0","0","0","0","0","0","0","0","0","0","0","0","0","0","1","0","0","0","0","0","0","1","","1"
"Portugal","0","0","0","0","0","0","0","0","0","0","0","0","0","0","0","0","","0","","0","0","2","0","0","0","0","1","0","0","0","0","3","3","0","0","2","6","9","12","20","23","28","53","63"
"Qatar","0","0","0","0","0","0","0","0","0","","0","0","0","","0","0","0","0","","0","0","0","0","0","0","0","0","0","0","0","0","1","0","0","0","0","0","","","0","","","",""
"Republic of Korea","0","0","0","0","0","0","0","0","","","","0","","","","","","","","0","0","0","","","","","","0","0","0","","","","","","","","","","","","","",""
"Republic of Moldova","0","0","0","0","0","0","0","0","0","0","0","0","0","0","0","0","0","0","0","0","0","0","0","0","0","0","0","","","","","","","","","","","","","","","","",""
"Romania","0","0","0","0","0","0","0","0","0","0","0","0","0","0","0","0","1","0","0","0","0","0","1","1","1","3","1","1","1","0","1","1","2","0","","","","","","","","","",""
"Russian Federation","","","0","0","0","0","0","","","0","0","","","","","0","0","0","40","0","0","0","0","0","0","0","0","","","","","","","","","","","","","","","","",""
"Rwanda","1","2","","0","0","0","0","0","0","1","1","2","4","3","0","18","18","5","0","","0","1","1","0","7","2","1","1","40","100","85","78","","","","","","","","","","","",""
"Saint Kitts and Nevis","0","0","0","0","0","0","0","0","0","0","0","0","0","0","0","0","0","0","0","0","0","0","0","0","0","0","0","0","0","0","0","0","0","0","0","0","0","0","0","0","0","0","0","0"
"Saint Lucia","0","0","0","0","0","0","0","0","0","0","0","0","0","0","0","0","0","0","0","0","0","0","0","0","0","0","0","0","0","0","0","0","0","0","0","0","0","0","0","0","","","",""
"Saint Vincent and the Grenadines","0","0","0","0","0","0","0","0","0","0","0","0","0","0","0","0","0","0","0","0","0","0","0","0","0","0","1","0","0","0","0","0","0","0","0","0","0","0","0","0","","","",""
"Samoa","0","","","","","0","0","0","0","","","0","0","0","0","","","","","0","0","0","0","0","0","0","0","0","0","","","","0","0","0","0","0","0","0","0","0","","",""
"San Marino","0","0","","","","0","0","0","0","","0","0","0","0","0","","","0","0","","0","0","0","0","0","0","0","0","0","0","0","0","0","","","0","","","","","","","",""
"Sao Tome and Principe","0","0","0","0","0","0","0","0","0","0","0","0","0","0","0","0","0","0","","","1","0","3","3","0","0","0","4","","4","8","8","5","0","0","0","0","","","","","","",""
"Saudi Arabia","","3","1","2","10","14","14","4","10","13","21","18","22","37","31","28","27","","","10","26","28","25","33","35","15","12","13","29","33","35","25","","","","","","","","","","","",""
"Senegal","3","13","5","4","4","14","21","12","16","16","28","20","13","26","33","38","45","0","5","16","16","22","","24","63","52","100","67","80","91","17","","","","","704","","","","","","","",""
"Serbia","0","0","","0","0","0","0","0","1","0","0","0","0","0","0","0","0","0","2","","3","0","","4","1","1","9","0","2","0","0","8","6","12","15","25","11","17","20","31","37","59","67","63"
"Seychelles","0","0","0","0","0","0","0","0","0","0","0","0","0","0","0","0","0","","0","0","0","0","0","0","0","0","0","0","0","0","0","0","0","0","0","0","0","","","","","","",""
"Sierra Leone","43","6","11","","9","23","56","5","12","12","8","15","10","11","93","200","38","36","","","0","","25","55","82","61","","26","","12","45","54","583","601","663","692","577","","","","","","",""
"Singapore","0","","","","0","0","0","0","0","0","0","0","","0","","","0","0","0","0","0","","0","","","0","0","0","0","0","0","0","0","1","3","1","1","2","0","1","0","4","3","6"
"Slovakia","","0","0","0","0","0","0","0","0","0","0","0","0","0","0","0","0","0","0","0","0","0","0","0","0","0","0","","","","","","","","","","","","","","","","",""
"Slovenia","0","0","0","0","0","0","0","0","0","0","0","0","0","0","0","0","0","","0","0","0","0","0","0","0","0","0","","","","","","","","","","","","","","","","",""
"Solomon Islands","0","","","","0","0","0","0","0","0","0","1","2","0","0","0","0","","","0","1","1","3","0","1","3","3","4","4","2","0","0","","","","","","","","","","","",""
"Somalia","","","","","182","224","233","74","53","","31","","","","","","","966","","99","","102","","","","","","","946","159","63","22","41","58","60","","","","","","","","",""
"South Africa","","","2","2","0","1","3","","1","1","3","10","3","8","10","6","10","11","2","6","9","9","9","19","32","13","44","58","71","105","157","82","136","149","176","136","214","166","175","152","93","218","216","140"
"South Sudan","0","","0","0","25","48","45","","","","","","","","","","","","","","","","","","","","","","","","","","","","","","","","","","","","",""
"Spain","0","","","","0","0","0","0","0","0","0","0","0","0","0","0","","0","","","0","0","0","0","0","0","0","","","","","","","14","10","","0","","14","","","","",""
"Sri Lanka","0","0","0","0","0","0","0","1","0","1","0","2","0","1","1","2","3","1","8","4","8","7","7","9","11","14","10","5","9","39","37","49","76","123","70","182","219","339","423","874","821","642","812","809"
"Sudan","60","62","","133","88","128","168","260","148","172","172","115","94","88","112","97","99","88","66","53","95","40","21","70","71","150","","28","","","","2050","18","","","","92","90","61","","","","24",""
"Suriname","0","","0","0","0","0","0","0","0","0","0","2","0","0","0","3","0","0","0","0","0","1","0","0","0","0","0","0","0","1","0","0","0","2","0","0","0","0","0","0","","","",""
"Sweden","0","0","0","0","0","0","0","0","0","0","0","0","0","0","0","0","0","0","","","0","0","0","0","0","0","0","0","0","0","0","0","0","0","0","0","0","","","","","","",""
"Switzerland","","","","","","","","","0","0","0","0","0","0","0","0","0","","","0","0","0","0","0","0","0","0","0","0","0","0","0","0","","","","","","","","","","",""
"Syrian Arab Republic","1","2","1","","0","1","2","5","4","4","6","3","5","8","11","16","18","15","23","32","45","61","106","74","74","82","50","55","90","116","140","192","124","151","100","144","85","91","","","","100","178",""
"Tajikistan","0","","","","0","0","0","0","0","0","0","","","","0","0","0","","0","","0","0","0","0","0","0","0","","","","","","","","","","","","","","","","",""
"Thailand","0","0","0","2","2","4","1","3","1","3","4","3","6","11","6","9","11","17","25","20","25","32","38","68","67","120","166","212","286","325","414","508","564","548","566","677","630","664","753","886","778","699","629","536"
"The former Yugoslav republic of Macedonia","","0","","0","0","0","0","0","0","0","0","0","0","0","0","0","0","0","0","","0","0","0","0","1","0","1","","","","","","","","","","","","","","","","",""
"Timor-Leste","1","1","0","0","1","4","2","7","2","1","4","9","6","0","0","0","","","","","","","","","","","","","","","","","","","","","","","","","","","",""
"Togo","16","11","12","18","26","20","28","28","17","5","18","15","10","8","28","42","29","33","41","39","14","27","13","32","7","27","24","42","97","64","143","101","118","115","117","139","237","217","","","","","",""
"Tonga","0","0","","","0","0","0","0","0","0","0","0","0","0","0","0","0","0","0","0","0","0","0","0","0","0","0","0","0","0","0","0","2","0","0","0","0","0","0","0","0","0","0","0"
"Trinidad and Tobago","0","0","0","0","0","0","0","0","0","0","0","0","0","0","0","0","0","0","0","0","0","0","0","0","0","0","0","0","1","0","0","0","0","0","0","0","0","0","0","0","","","",""
"Tunisia","1","0","0","0","0","0","0","0","0","0","0","0","0","","0","0","1","2","2","3","4","4","7","7","3","7","8","9","13","21","37","25","33","45","44","34","36","13","12","31","","","",""
"Turkey","0","0","0","1","0","0","0","2","0","7","5","18","32","15","41","32","32","26","","30","33","61","63","51","46","29","68","67","63","51","46","66","41","","","","","","","","","","",""
"Turkmenistan","","","","","","","0","","","","","0","0","0","0","0","0","1","0","0","0","0","0","0","0","0","0","","","","","","","","","","","","","","","","",""
"Tuvalu","","","","","","0","0","0","0","0","0","0","0","0","0","0","0","","0","","0","0","0","0","0","0","","","0","0","0","0","","","","","","","","","","","",""
"Uganda","16","73","136","84","406","149","207","98","151","100","102","143","107","152","316","611","520","470","209","583","158","167","307","523","","605","","129","110","144","","","","","","","","","","","","","",""
"Ukraine","","","","","","","0","","","0","0","0","","","0","0","0","","","","0","0","0","0","0","0","0","","","","","","","","","","","","","","","","",""
"United Arab Emirates","","","","0","","0","","0","","0","","","0","0","0","0","0","0","0","0","0","0","0","0","0","0","0","0","0","2","10","6","8","5","7","7","3","","","","","","",""
"United Kingdom of Great Britain and Northern Ireland","0","0","0","0","0","0","0","0","0","0","0","0","0","0","0","0","0","0","","","0","0","0","1","0","0","0","0","0","0","0","0","0","0","0","0","0","0","0","0","0","0","0","0"
"United Republic of Tanzania","","","","2","0","0","0","5","6","6","18","11","7","19","14","32","41","48","40","34","21","19","29","25","53","91","114","28","1078","","274","326","158","83","","","421","652","908","","","","",""
"United States of America","","","0","0","0","1","1","0","0","0","0","0","0","0","0","0","1","0","","","","","","1","0","0","0","0","1","0","0","0","0","2","0","0","0","0","0","0","","","",""
"Uruguay","","0","0","0","0","0","0","0","0","0","0","0","0","0","0","0","0","0","0","0","0","0","0","0","0","0","0","0","0","0","0","0","0","0","0","0","2","0","2","2","0","0","3","2"
"Uzbekistan","0","0","0","0","0","","0","0","0","0","0","0","0","0","0","0","0","0","0","0","0","0","0","0","0","0","0","","","","","","","","","","","","","","","","",""
"Vanuatu","","","","","","","0","0","0","0","0","0","0","","3","2","1","0","6","","0","2","0","0","1","0","0","0","2","1","1","0","2","0","0","2","2","3","","","3","2","",""
"Venezuela (Bolivarian Republic of)","1","2","0","2","1","1","3","2","1","0","1","4","2","0","0","4","0","2","4","7","7","14","18","14","27","29","35","28","46","43","53","59","70","77","101","132","143","129","111","141","135","207","281","227"
"Viet Nam","52","32","47","34","46","39","32","35","33","34","36","27","35","46","76","95","104","142","219","266","257","257","330","422","333","187","334","313","","","","","","","","","","","","","","","",""
"Yemen","0","","117","","66","80","38","93","30","46","48","101","46","50","84","122","121","174","131","","","","12","3","8","21","","","19","48","49","16","61","119","139","73","31","7","20","","","","",""
"Zambia","26","0","0","","0","0","0","0","0","13","0","37","29","33","41","102","39","130","161","","34","15","24","21","29","5","6","57","","196","270","388","","147","","","","","","","","","",""
"Zimbabwe","3","0","4","0","4","6","7","1","4","1","5","2","5","6","4","9","13","16","12","7","12","5","18","24","12","23","28","16","58","21","67","358","218","245","85","428","118","134","161","180","","","",""
